,DA,N,NFE,NP,PA,PR,coding,crossover,crowding_factor,crowding_selection,dimensions,distance_measure,function_name,method,mutation,p_c,p_m,run_number,run_time,subpopulation_size
0,0.7820230901564507,500.0,4260.0,3.0,0.2221477720852109,0.6,bin,1,3.0,75.0,1.0,euclidean,TestFunctions.Deb1,worst_among_most_similar,1-point,0.1,0.1,0.0,53.53754258155823,5.0
1,0.4845557342531193,500.0,3682.0,4.0,1.1756054747270477,0.8,bin,1,3.0,75.0,1.0,euclidean,TestFunctions.Deb1,worst_among_most_similar,1-point,0.1,0.1,1.0,41.32183623313904,5.0
2,0.0017527719806710589,500.0,1842.0,6.0,0.0006691974881567475,1.2,bin,1,3.0,75.0,1.0,euclidean,TestFunctions.Deb1,worst_among_most_similar,1-point,0.1,0.1,2.0,21.615143060684204,5.0
3,0.003758762643242402,500.0,1768.0,11.0,0.003128699530434487,2.2,bin,1,3.0,75.0,1.0,euclidean,TestFunctions.Deb1,worst_among_most_similar,1-point,0.1,0.1,0.0,17.092525482177734,5.0
4,0.7471660248197136,500.0,3930.0,6.0,1.5329426314410672,6.0,bin,1,3.0,75.0,1.0,euclidean,TestFunctions.Deb2,worst_among_most_similar,1-point,0.1,0.1,0.0,43.23184370994568,5.0
5,0.7653448099024354,500.0,3612.0,5.0,1.4526269988335208,5.0,bin,1,3.0,75.0,1.0,euclidean,TestFunctions.Deb2,worst_among_most_similar,1-point,0.1,0.1,1.0,41.46573328971863,5.0
6,0.0057908327242719715,500.0,30.0,83.0,0.005607736951240311,83.0,bin,1,3.0,75.0,1.0,euclidean,TestFunctions.Deb2,worst_among_most_similar,1-point,0.1,0.1,2.0,1.2127978801727295,5.0
7,0.0057908327242719715,500.0,28.0,83.0,0.005607736951240311,83.0,bin,1,3.0,75.0,1.0,euclidean,TestFunctions.Deb2,worst_among_most_similar,1-point,0.1,0.1,3.0,1.2017390727996826,5.0
8,0.39891900748121734,500.0,3796.0,5.0,0.779383897389112,5.0,bin,1,3.0,75.0,1.0,euclidean,TestFunctions.Deb2,worst_among_most_similar,1-point,0.1,0.1,4.0,45.47324728965759,5.0
9,0.8178546613549813,500.0,3348.0,4.0,1.2298052036337044,4.0,bin,1,3.0,75.0,1.0,euclidean,TestFunctions.Deb2,worst_among_most_similar,1-point,0.1,0.1,5.0,39.59038591384888,5.0
10,0.7699976232598325,500.0,3032.0,3.0,0.49520133760304347,3.0,bin,1,3.0,75.0,1.0,euclidean,TestFunctions.Deb2,worst_among_most_similar,1-point,0.1,0.1,6.0,36.12528896331787,5.0
11,1.1642865881391007,500.0,4264.0,2.0,0.9726397190065998,2.0,bin,1,3.0,75.0,1.0,euclidean,TestFunctions.Deb2,worst_among_most_similar,1-point,0.1,0.1,7.0,48.96268177032471,5.0
12,0.7705898914346258,500.0,3198.0,4.0,1.1433611711621312,4.0,bin,1,3.0,75.0,1.0,euclidean,TestFunctions.Deb2,worst_among_most_similar,1-point,0.1,0.1,8.0,37.17641592025757,5.0
13,0.7077902418134502,500.0,4118.0,7.0,0.7075676636951176,7.0,bin,1,3.0,75.0,1.0,euclidean,TestFunctions.Deb2,worst_among_most_similar,1-point,0.1,0.1,9.0,49.83362793922424,5.0
14,0.8390780243963004,500.0,3688.0,3.0,0.5032331972088937,0.6,bin,1,3.0,75.0,1.0,euclidean,TestFunctions.Deb3,worst_among_most_similar,1-point,0.1,0.1,0.0,44.29981803894043,5.0
15,0.003015521054887435,500.0,1626.0,13.0,0.001414231096396379,2.6,bin,1,3.0,75.0,1.0,euclidean,TestFunctions.Deb3,worst_among_most_similar,1-point,0.1,0.1,1.0,19.761838912963867,5.0
16,0.701130540105449,500.0,2754.0,5.0,0.05904331298573284,1.0,bin,1,3.0,75.0,1.0,euclidean,TestFunctions.Deb3,worst_among_most_similar,1-point,0.1,0.1,2.0,31.29358410835266,5.0
17,0.9697106309276363,500.0,4744.0,3.0,1.918470796913612,0.6,bin,1,3.0,75.0,1.0,euclidean,TestFunctions.Deb3,worst_among_most_similar,1-point,0.1,0.1,3.0,48.73172092437744,5.0
18,0.8818289437022574,500.0,4152.0,6.0,0.6239548415869257,1.2,bin,1,3.0,75.0,1.0,euclidean,TestFunctions.Deb3,worst_among_most_similar,1-point,0.1,0.1,4.0,42.09194612503052,5.0
19,0.25297581005586195,500.0,2384.0,5.0,0.0026004702922340917,1.0,bin,1,3.0,75.0,1.0,euclidean,TestFunctions.Deb3,worst_among_most_similar,1-point,0.1,0.1,5.0,25.379352807998657,5.0
20,0.595167833505731,500.0,3668.0,7.0,1.833238675001283,1.4,bin,1,3.0,75.0,1.0,euclidean,TestFunctions.Deb3,worst_among_most_similar,1-point,0.1,0.1,6.0,42.349048137664795,5.0
21,0.6756839940468257,500.0,2210.0,8.0,0.42890579028376563,1.6,bin,1,3.0,75.0,1.0,euclidean,TestFunctions.Deb3,worst_among_most_similar,1-point,0.1,0.1,7.0,26.40138077735901,5.0
22,0.6836186164687387,500.0,2534.0,4.0,0.27364886725518867,0.8,bin,1,3.0,75.0,1.0,euclidean,TestFunctions.Deb3,worst_among_most_similar,1-point,0.1,0.1,8.0,33.10875582695007,5.0
23,0.002809784587207584,500.0,1730.0,8.0,0.0007288438390737895,1.6,bin,1,3.0,75.0,1.0,euclidean,TestFunctions.Deb3,worst_among_most_similar,1-point,0.1,0.1,9.0,20.876914024353027,5.0
24,1.1827656792133414,500.0,1642.0,5.0,1.2464502259539423,5.0,bin,1,3.0,75.0,1.0,euclidean,TestFunctions.Deb2,most_similar_among_worst,1-point,0.1,0.1,0.0,18.112865686416626,5.0
25,1.9815121353331466,500.0,2120.0,3.0,1.6031573573943259,3.0,bin,1,3.0,75.0,1.0,euclidean,TestFunctions.Deb2,most_similar_among_worst,1-point,0.1,0.1,1.0,23.517744064331055,5.0
26,1.204194250723282,500.0,2060.0,3.0,1.3358791490333943,3.0,bin,1,3.0,75.0,1.0,euclidean,TestFunctions.Deb2,most_similar_among_worst,1-point,0.1,0.1,2.0,22.978312969207764,5.0
27,1.2043105164618217,500.0,1802.0,4.0,1.3359212721826594,4.0,bin,1,3.0,75.0,1.0,euclidean,TestFunctions.Deb2,most_similar_among_worst,1-point,0.1,0.1,3.0,21.9180428981781,5.0
28,1.8489228179073551,500.0,2070.0,2.0,1.049575557719361,2.0,bin,1,3.0,75.0,1.0,euclidean,TestFunctions.Deb2,most_similar_among_worst,1-point,0.1,0.1,4.0,22.897908210754395,5.0
29,1.9397145844336303,500.0,1726.0,2.0,1.185503205704439,2.0,bin,1,3.0,75.0,1.0,euclidean,TestFunctions.Deb2,most_similar_among_worst,1-point,0.1,0.1,5.0,19.343576908111572,5.0
30,1.945084380025175,500.0,1970.0,2.0,1.2356789436727302,2.0,bin,1,3.0,75.0,1.0,euclidean,TestFunctions.Deb2,most_similar_among_worst,1-point,0.1,0.1,6.0,22.50783109664917,5.0
31,1.2800592577709908,500.0,1742.0,4.0,0.9156766851350566,4.0,bin,1,3.0,75.0,1.0,euclidean,TestFunctions.Deb2,most_similar_among_worst,1-point,0.1,0.1,7.0,22.876927137374878,5.0
32,1.2041886845679008,500.0,2394.0,4.0,1.335877635799952,4.0,bin,1,3.0,75.0,1.0,euclidean,TestFunctions.Deb2,most_similar_among_worst,1-point,0.1,0.1,8.0,26.619375944137573,5.0
33,1.2126283156607496,500.0,2208.0,3.0,1.327451812613623,3.0,bin,1,3.0,75.0,1.0,euclidean,TestFunctions.Deb2,most_similar_among_worst,1-point,0.1,0.1,9.0,22.034104108810425,5.0
34,0.003994065545249184,500.0,1936.0,11.0,0.004325122436374507,2.2,bin,1,3.0,75.0,1.0,euclidean,TestFunctions.Deb3,most_similar_among_worst,1-point,0.1,0.1,0.0,18.64975881576538,5.0
35,0.0035830436031000362,500.0,1642.0,11.0,0.0032042722007279423,2.2,bin,1,3.0,75.0,1.0,euclidean,TestFunctions.Deb3,most_similar_among_worst,1-point,0.1,0.1,1.0,15.945070028305054,5.0
36,0.004435163774634168,500.0,1802.0,10.0,0.005469263937318614,2.0,bin,1,3.0,75.0,1.0,euclidean,TestFunctions.Deb3,most_similar_among_worst,1-point,0.1,0.1,2.0,16.806236028671265,5.0
37,0.005984117217319521,500.0,1808.0,9.0,0.007779614287723002,1.8,bin,1,3.0,75.0,1.0,euclidean,TestFunctions.Deb3,most_similar_among_worst,1-point,0.1,0.1,3.0,17.059147834777832,5.0
38,0.005929592706136813,500.0,2070.0,6.0,0.007648376839956228,1.2,bin,1,3.0,75.0,1.0,euclidean,TestFunctions.Deb3,most_similar_among_worst,1-point,0.1,0.1,4.0,19.149770975112915,5.0
39,0.005498382221197709,500.0,1758.0,12.0,0.007158449778178699,2.4,bin,1,3.0,75.0,1.0,euclidean,TestFunctions.Deb3,most_similar_among_worst,1-point,0.1,0.1,5.0,16.499967098236084,5.0
40,0.006051663018636813,500.0,10.0,82.0,0.007981519199539822,16.4,bin,1,3.0,75.0,1.0,euclidean,TestFunctions.Deb3,most_similar_among_worst,1-point,0.1,0.1,6.0,0.9256918430328369,5.0
41,0.0046859112398793396,500.0,1608.0,11.0,0.004782951450628237,2.2,bin,1,3.0,75.0,1.0,euclidean,TestFunctions.Deb3,most_similar_among_worst,1-point,0.1,0.1,7.0,14.897561073303223,5.0
42,0.005563374316746486,500.0,1760.0,7.0,0.006910089404758346,1.4,bin,1,3.0,75.0,1.0,euclidean,TestFunctions.Deb3,most_similar_among_worst,1-point,0.1,0.1,8.0,16.313103199005127,5.0
43,0.003929990903880146,500.0,1612.0,10.0,0.0033839732485997365,2.0,bin,1,3.0,75.0,1.0,euclidean,TestFunctions.Deb3,most_similar_among_worst,1-point,0.1,0.1,9.0,15.131799936294556,5.0
44,0.6022034456515145,500.0,2922.0,6.0,0.7090293287282357,6.0,bin,1,4.0,75.0,1.0,euclidean,TestFunctions.Deb2,worst_among_most_similar,1-point,0.1,0.1,0.0,29.99966812133789,5.0
45,0.6586285890691063,500.0,3182.0,7.0,0.5628766721099008,7.0,bin,1,4.0,75.0,1.0,euclidean,TestFunctions.Deb2,worst_among_most_similar,1-point,0.1,0.1,1.0,32.51388621330261,5.0
46,1.1768748690712498,500.0,3692.0,2.0,1.1941472766662014,2.0,bin,1,4.0,75.0,1.0,euclidean,TestFunctions.Deb2,worst_among_most_similar,1-point,0.1,0.1,2.0,42.64238119125366,5.0
47,0.7713223907405601,500.0,4036.0,4.0,1.2695477477151702,4.0,bin,1,4.0,75.0,1.0,euclidean,TestFunctions.Deb2,worst_among_most_similar,1-point,0.1,0.1,3.0,49.75099968910217,5.0
48,0.8498956201197395,500.0,5010.0,3.0,1.3543634651047214,3.0,bin,1,4.0,75.0,1.0,euclidean,TestFunctions.Deb2,worst_among_most_similar,1-point,0.1,0.1,4.0,53.82020616531372,5.0
49,0.00434384055138079,500.0,16.0,80.0,0.005897038080818345,80.0,bin,1,4.0,75.0,1.0,euclidean,TestFunctions.Deb2,worst_among_most_similar,1-point,0.1,0.1,5.0,0.9402940273284912,5.0
50,0.8320384510254519,500.0,4990.0,2.0,0.9474772541897873,2.0,bin,1,4.0,75.0,1.0,euclidean,TestFunctions.Deb2,worst_among_most_similar,1-point,0.1,0.1,6.0,49.16126894950867,5.0
51,1.1904655213631958,500.0,2804.0,5.0,1.3005330763629854,5.0,bin,1,4.0,75.0,1.0,euclidean,TestFunctions.Deb2,worst_among_most_similar,1-point,0.1,0.1,7.0,27.16836667060852,5.0
52,0.6811699228879381,500.0,3942.0,5.0,0.4852060369904209,5.0,bin,1,4.0,75.0,1.0,euclidean,TestFunctions.Deb2,worst_among_most_similar,1-point,0.1,0.1,8.0,38.30846691131592,5.0
53,0.7860863158329034,500.0,3284.0,4.0,1.1689805236442896,4.0,bin,1,4.0,75.0,1.0,euclidean,TestFunctions.Deb2,worst_among_most_similar,1-point,0.1,0.1,9.0,31.92649221420288,5.0
54,1.2726977607147614,500.0,3706.0,1.0,0.0807553437534092,0.2,bin,1,4.0,75.0,1.0,euclidean,TestFunctions.Deb3,worst_among_most_similar,1-point,0.1,0.1,0.0,35.67810416221619,5.0
55,0.17102064828206032,500.0,2026.0,6.0,0.0019774253832417488,1.2,bin,1,4.0,75.0,1.0,euclidean,TestFunctions.Deb3,worst_among_most_similar,1-point,0.1,0.1,1.0,19.6251220703125,5.0
56,0.47401167404651645,500.0,3482.0,10.0,1.7622568086122201,2.0,bin,1,4.0,75.0,1.0,euclidean,TestFunctions.Deb3,worst_among_most_similar,1-point,0.1,0.1,2.0,33.73990607261658,5.0
57,0.004003486489642619,500.0,2378.0,7.0,0.004471004193024819,1.4,bin,1,4.0,75.0,1.0,euclidean,TestFunctions.Deb3,worst_among_most_similar,1-point,0.1,0.1,3.0,23.10698103904724,5.0
58,0.8270661724670015,500.0,3604.0,3.0,0.0002765268216098349,0.6,bin,1,4.0,75.0,1.0,euclidean,TestFunctions.Deb3,worst_among_most_similar,1-point,0.1,0.1,4.0,34.95681285858154,5.0
59,0.0021740750067455877,500.0,2778.0,7.0,0.0010067186262543437,1.4,bin,1,4.0,75.0,1.0,euclidean,TestFunctions.Deb3,worst_among_most_similar,1-point,0.1,0.1,5.0,26.915849924087524,5.0
60,0.5748392309646772,500.0,2480.0,4.0,0.0008374424681762971,0.8,bin,1,4.0,75.0,1.0,euclidean,TestFunctions.Deb3,worst_among_most_similar,1-point,0.1,0.1,6.0,24.088650941848755,5.0
61,0.7786049729789567,500.0,3818.0,3.0,0.3641843064145167,0.6,bin,1,4.0,75.0,1.0,euclidean,TestFunctions.Deb3,worst_among_most_similar,1-point,0.1,0.1,7.0,37.19068694114685,5.0
62,1.2389422559724195,500.0,3642.0,2.0,0.6177324074510457,0.4,bin,1,4.0,75.0,1.0,euclidean,TestFunctions.Deb3,worst_among_most_similar,1-point,0.1,0.1,8.0,35.21949601173401,5.0
63,0.17231346102388645,500.0,2344.0,4.0,0.008555636186882487,0.8,bin,1,4.0,75.0,1.0,euclidean,TestFunctions.Deb3,worst_among_most_similar,1-point,0.1,0.1,9.0,22.753244876861572,5.0
64,1.2191747766830663,500.0,2100.0,3.0,1.3158948268502249,3.0,bin,1,4.0,75.0,1.0,euclidean,TestFunctions.Deb2,most_similar_among_worst,1-point,0.1,0.1,0.0,18.36339521408081,5.0
65,1.971717129384027,500.0,1894.0,2.0,1.5183009656190447,2.0,bin,1,4.0,75.0,1.0,euclidean,TestFunctions.Deb2,most_similar_among_worst,1-point,0.1,0.1,1.0,16.751463890075684,5.0
66,0.0061500093633508335,500.0,68.0,79.0,0.0037417467784370273,79.0,bin,1,4.0,75.0,1.0,euclidean,TestFunctions.Deb2,most_similar_among_worst,1-point,0.1,0.1,2.0,1.3386688232421875,5.0
67,1.1867032387161438,500.0,1646.0,4.0,1.2655365949077544,4.0,bin,1,4.0,75.0,1.0,euclidean,TestFunctions.Deb2,most_similar_among_worst,1-point,0.1,0.1,3.0,14.551812887191772,5.0
68,1.813688563972243,500.0,2494.0,3.0,1.0192726301395287,3.0,bin,1,4.0,75.0,1.0,euclidean,TestFunctions.Deb2,most_similar_among_worst,1-point,0.1,0.1,4.0,21.830156087875366,5.0
69,1.1743781140352505,500.0,2076.0,6.0,1.1389148385654038,6.0,bin,1,4.0,75.0,1.0,euclidean,TestFunctions.Deb2,most_similar_among_worst,1-point,0.1,0.1,5.0,18.19667887687683,5.0
70,1.2088756374420697,500.0,2296.0,4.0,1.3332580262183795,4.0,bin,1,4.0,75.0,1.0,euclidean,TestFunctions.Deb2,most_similar_among_worst,1-point,0.1,0.1,6.0,20.037678241729736,5.0
71,1.23042148190203,500.0,2166.0,2.0,1.2712293562573724,2.0,bin,1,4.0,75.0,1.0,euclidean,TestFunctions.Deb2,most_similar_among_worst,1-point,0.1,0.1,7.0,18.9683620929718,5.0
72,1.9675566769453998,500.0,2074.0,2.0,1.4747260508024322,2.0,bin,1,4.0,75.0,1.0,euclidean,TestFunctions.Deb2,most_similar_among_worst,1-point,0.1,0.1,8.0,18.226721048355103,5.0
73,1.2115470189131956,500.0,2116.0,3.0,1.329984480109981,3.0,bin,1,4.0,75.0,1.0,euclidean,TestFunctions.Deb2,most_similar_among_worst,1-point,0.1,0.1,9.0,18.553234815597534,5.0
74,0.005908368774889997,500.0,1614.0,9.0,0.009680268870222108,1.8,bin,1,4.0,75.0,1.0,euclidean,TestFunctions.Deb3,most_similar_among_worst,1-point,0.1,0.1,0.0,14.28727912902832,5.0
75,0.005736963022081168,500.0,1342.0,15.0,0.008528782683431602,3.0,bin,1,4.0,75.0,1.0,euclidean,TestFunctions.Deb3,most_similar_among_worst,1-point,0.1,0.1,1.0,11.92362093925476,5.0
76,0.008360372906448657,500.0,1338.0,15.0,0.03768179460183918,3.0,bin,1,4.0,75.0,1.0,euclidean,TestFunctions.Deb3,most_similar_among_worst,1-point,0.1,0.1,2.0,11.780251741409302,5.0
77,0.005641883991103783,500.0,1556.0,13.0,0.009182568246923206,2.6,bin,1,4.0,75.0,1.0,euclidean,TestFunctions.Deb3,most_similar_among_worst,1-point,0.1,0.1,3.0,13.685988903045654,5.0
78,0.00588310022807538,500.0,1518.0,7.0,0.009576139822894625,1.4,bin,1,4.0,75.0,1.0,euclidean,TestFunctions.Deb3,most_similar_among_worst,1-point,0.1,0.1,4.0,13.265164852142334,5.0
79,0.004166510502273249,500.0,1422.0,14.0,0.007688056482162642,2.8,bin,1,4.0,75.0,1.0,euclidean,TestFunctions.Deb3,most_similar_among_worst,1-point,0.1,0.1,5.0,12.5204918384552,5.0
80,0.005970834443069353,500.0,32.0,81.0,0.009807828536964602,16.2,bin,1,4.0,75.0,1.0,euclidean,TestFunctions.Deb3,most_similar_among_worst,1-point,0.1,0.1,6.0,1.2642848491668701,5.0
81,0.0049123526319232586,500.0,1682.0,9.0,0.0051136774073636815,1.8,bin,1,4.0,75.0,1.0,euclidean,TestFunctions.Deb3,most_similar_among_worst,1-point,0.1,0.1,7.0,14.812021970748901,5.0
82,0.005105636683761641,500.0,1626.0,8.0,0.00859259956248315,1.6,bin,1,4.0,75.0,1.0,euclidean,TestFunctions.Deb3,most_similar_among_worst,1-point,0.1,0.1,8.0,14.390961170196533,5.0
83,0.005481599518752947,500.0,1670.0,7.0,0.009421200253041162,1.4,bin,1,4.0,75.0,1.0,euclidean,TestFunctions.Deb3,most_similar_among_worst,1-point,0.1,0.1,9.0,14.794906854629517,5.0
84,0.6970925518580097,500.0,3508.0,7.0,0.9043098131310559,7.0,bin,1,3.0,75.0,1.0,euclidean,TestFunctions.Deb2,worst_among_most_similar,1-point,0.2,0.1,0.0,34.01896071434021,5.0
85,0.7915324357619172,500.0,3488.0,5.0,1.3991830848238072,5.0,bin,1,3.0,75.0,1.0,euclidean,TestFunctions.Deb2,worst_among_most_similar,1-point,0.2,0.1,1.0,33.750158071517944,5.0
86,1.1530029222693776,500.0,3266.0,3.0,0.7478530404347499,3.0,bin,1,3.0,75.0,1.0,euclidean,TestFunctions.Deb2,worst_among_most_similar,1-point,0.2,0.1,2.0,31.535549879074097,5.0
87,0.7913866188773823,500.0,3884.0,5.0,1.3804555422599054,5.0,bin,1,3.0,75.0,1.0,euclidean,TestFunctions.Deb2,worst_among_most_similar,1-point,0.2,0.1,3.0,37.79014801979065,5.0
88,0.8269755719590678,500.0,3224.0,9.0,1.5409917393399155,9.0,bin,1,3.0,75.0,1.0,euclidean,TestFunctions.Deb2,worst_among_most_similar,1-point,0.2,0.1,4.0,31.21580481529236,5.0
89,1.1219226734568593,500.0,3150.0,5.0,0.5196595430885628,5.0,bin,1,3.0,75.0,1.0,euclidean,TestFunctions.Deb2,worst_among_most_similar,1-point,0.2,0.1,5.0,30.687324047088623,5.0
90,0.007130061071138533,500.0,54.0,77.0,0.005392787841903779,77.0,bin,1,3.0,75.0,1.0,euclidean,TestFunctions.Deb2,worst_among_most_similar,1-point,0.2,0.1,6.0,1.2559678554534912,5.0
91,0.697706644465448,500.0,2522.0,11.0,0.5742591846900709,11.0,bin,1,3.0,75.0,1.0,euclidean,TestFunctions.Deb2,worst_among_most_similar,1-point,0.2,0.1,7.0,24.47723889350891,5.0
92,1.0522078882742827,500.0,3698.0,5.0,1.5672514002178772,5.0,bin,1,3.0,75.0,1.0,euclidean,TestFunctions.Deb2,worst_among_most_similar,1-point,0.2,0.1,8.0,35.680283069610596,5.0
93,0.6755550117372487,500.0,2500.0,14.0,0.4616325906905435,14.0,bin,1,3.0,75.0,1.0,euclidean,TestFunctions.Deb2,worst_among_most_similar,1-point,0.2,0.1,9.0,24.59406614303589,5.0
94,0.42024389940811724,500.0,3044.0,4.0,0.0003939420061281895,0.8,bin,1,3.0,75.0,1.0,euclidean,TestFunctions.Deb3,worst_among_most_similar,1-point,0.2,0.1,0.0,29.408055067062378,5.0
95,0.42025034781649895,500.0,2732.0,4.0,0.0003954041327103308,0.8,bin,1,3.0,75.0,1.0,euclidean,TestFunctions.Deb3,worst_among_most_similar,1-point,0.2,0.1,1.0,26.555428981781006,5.0
96,0.226194587795718,500.0,3014.0,11.0,1.875114560426024,2.2,bin,1,3.0,75.0,1.0,euclidean,TestFunctions.Deb3,worst_among_most_similar,1-point,0.2,0.1,2.0,29.304195880889893,5.0
97,0.4199059182548093,500.0,2744.0,4.0,0.000317227011957133,0.8,bin,1,3.0,75.0,1.0,euclidean,TestFunctions.Deb3,worst_among_most_similar,1-point,0.2,0.1,3.0,26.619327068328857,5.0
98,0.7704775822440081,500.0,4084.0,4.0,1.043300480422846,0.8,bin,1,3.0,75.0,1.0,euclidean,TestFunctions.Deb3,worst_among_most_similar,1-point,0.2,0.1,4.0,39.35865497589111,5.0
99,0.8807727048229734,500.0,2910.0,3.0,0.0003939581507268475,0.6,bin,1,3.0,75.0,1.0,euclidean,TestFunctions.Deb3,worst_among_most_similar,1-point,0.2,0.1,5.0,28.103816032409668,5.0
100,0.4886933057445931,500.0,3688.0,5.0,1.8488183860821694,1.0,bin,1,3.0,75.0,1.0,euclidean,TestFunctions.Deb3,worst_among_most_similar,1-point,0.2,0.1,6.0,35.60379385948181,5.0
101,0.33356939729140034,500.0,2840.0,5.0,0.8751297537501393,1.0,bin,1,3.0,75.0,1.0,euclidean,TestFunctions.Deb3,worst_among_most_similar,1-point,0.2,0.1,7.0,27.478551626205444,5.0
102,0.32944987826659045,500.0,2690.0,11.0,0.9588199242215558,2.2,bin,1,3.0,75.0,1.0,euclidean,TestFunctions.Deb3,worst_among_most_similar,1-point,0.2,0.1,8.0,26.260150909423828,5.0
103,0.3576620974417808,500.0,2436.0,6.0,0.8880255629795649,1.2,bin,1,3.0,75.0,1.0,euclidean,TestFunctions.Deb3,worst_among_most_similar,1-point,0.2,0.1,9.0,23.671578884124756,5.0
104,1.9554980990266717,500.0,1936.0,3.0,1.3153687661793476,3.0,bin,1,3.0,75.0,1.0,euclidean,TestFunctions.Deb2,most_similar_among_worst,1-point,0.2,0.1,0.0,16.991469144821167,5.0
105,1.8956850286515339,500.0,2106.0,2.0,0.9845409778519842,2.0,bin,1,3.0,75.0,1.0,euclidean,TestFunctions.Deb2,most_similar_among_worst,1-point,0.2,0.1,1.0,18.419986963272095,5.0
106,1.2002820455901404,500.0,2026.0,5.0,1.3355673121987521,5.0,bin,1,3.0,75.0,1.0,euclidean,TestFunctions.Deb2,most_similar_among_worst,1-point,0.2,0.1,2.0,17.679261922836304,5.0
107,1.200448941125936,500.0,2076.0,3.0,1.3355465974837317,3.0,bin,1,3.0,75.0,1.0,euclidean,TestFunctions.Deb2,most_similar_among_worst,1-point,0.2,0.1,3.0,18.208122968673706,5.0
108,1.19582298183468,500.0,2246.0,3.0,1.3242118105518217,3.0,bin,1,3.0,75.0,1.0,euclidean,TestFunctions.Deb2,most_similar_among_worst,1-point,0.2,0.1,4.0,19.87667989730835,5.0
109,1.2104057516679214,500.0,2124.0,3.0,1.3336736143255195,3.0,bin,1,3.0,75.0,1.0,euclidean,TestFunctions.Deb2,most_similar_among_worst,1-point,0.2,0.1,5.0,18.639239072799683,5.0
110,1.945284058319591,500.0,2180.0,3.0,1.2307882771643062,3.0,bin,1,3.0,75.0,1.0,euclidean,TestFunctions.Deb2,most_similar_among_worst,1-point,0.2,0.1,6.0,19.15046191215515,5.0
111,1.9725021112044332,500.0,1978.0,1.0,1.5161581151748615,1.0,bin,1,3.0,75.0,1.0,euclidean,TestFunctions.Deb2,most_similar_among_worst,1-point,0.2,0.1,7.0,17.439823865890503,5.0
112,1.1833330777740838,500.0,1798.0,3.0,1.2493924182740646,3.0,bin,1,3.0,75.0,1.0,euclidean,TestFunctions.Deb2,most_similar_among_worst,1-point,0.2,0.1,8.0,15.871347904205322,5.0
113,1.9551957611869044,500.0,2252.0,2.0,1.3147896016518086,2.0,bin,1,3.0,75.0,1.0,euclidean,TestFunctions.Deb2,most_similar_among_worst,1-point,0.2,0.1,9.0,19.732961893081665,5.0
114,0.003198053103679835,500.0,1502.0,10.0,0.007222713051493468,2.0,bin,1,3.0,75.0,1.0,euclidean,TestFunctions.Deb3,most_similar_among_worst,1-point,0.2,0.1,0.0,13.140656232833862,5.0
115,0.003123551717151965,500.0,1446.0,13.0,0.007310674003589868,2.6,bin,1,3.0,75.0,1.0,euclidean,TestFunctions.Deb3,most_similar_among_worst,1-point,0.2,0.1,1.0,12.733061790466309,5.0
116,0.0018608933972264902,500.0,1410.0,11.0,0.0008897583789387875,2.2,bin,1,3.0,75.0,1.0,euclidean,TestFunctions.Deb3,most_similar_among_worst,1-point,0.2,0.1,2.0,12.416697025299072,5.0
117,0.0031980550104425826,500.0,1494.0,9.0,0.0072227134497289125,1.8,bin,1,3.0,75.0,1.0,euclidean,TestFunctions.Deb3,most_similar_among_worst,1-point,0.2,0.1,3.0,13.133094072341919,5.0
118,0.0031980550245387512,500.0,1418.0,11.0,0.00722271346625647,2.2,bin,1,3.0,75.0,1.0,euclidean,TestFunctions.Deb3,most_similar_among_worst,1-point,0.2,0.1,4.0,12.78133511543274,5.0
119,0.003198055024994498,500.0,22.0,83.0,0.007222713466578101,16.6,bin,1,3.0,75.0,1.0,euclidean,TestFunctions.Deb3,most_similar_among_worst,1-point,0.2,0.1,5.0,0.9943890571594238,5.0
120,0.0031675370096888728,500.0,1378.0,10.0,0.007035613985238998,2.0,bin,1,3.0,75.0,1.0,euclidean,TestFunctions.Deb3,most_similar_among_worst,1-point,0.2,0.1,6.0,12.144662141799927,5.0
121,0.0028685047216113896,500.0,1746.0,6.0,0.007146255210043306,1.2,bin,1,3.0,75.0,1.0,euclidean,TestFunctions.Deb3,most_similar_among_worst,1-point,0.2,0.1,7.0,15.383845806121826,5.0
122,0.0031675369812082105,500.0,1216.0,17.0,0.007221225736459669,3.4,bin,1,3.0,75.0,1.0,euclidean,TestFunctions.Deb3,most_similar_among_worst,1-point,0.2,0.1,8.0,10.818873167037964,5.0
123,0.003198055024994498,500.0,66.0,83.0,0.007222713466578101,16.6,bin,1,3.0,75.0,1.0,euclidean,TestFunctions.Deb3,most_similar_among_worst,1-point,0.2,0.1,9.0,1.334230899810791,5.0
124,0.5756926017934131,500.0,2226.0,5.0,0.44692068879846797,5.0,bin,1,4.0,75.0,1.0,euclidean,TestFunctions.Deb2,worst_among_most_similar,1-point,0.2,0.1,0.0,21.693430185317993,5.0
125,0.6454605808058402,500.0,4190.0,5.0,1.0263899510711794,5.0,bin,1,4.0,75.0,1.0,euclidean,TestFunctions.Deb2,worst_among_most_similar,1-point,0.2,0.1,1.0,40.409862756729126,5.0
126,0.7610428686264272,500.0,3164.0,6.0,1.428479695725566,6.0,bin,1,4.0,75.0,1.0,euclidean,TestFunctions.Deb2,worst_among_most_similar,1-point,0.2,0.1,2.0,30.56252694129944,5.0
127,1.1473668996671573,500.0,4906.0,2.0,0.7572008236927787,2.0,bin,1,4.0,75.0,1.0,euclidean,TestFunctions.Deb2,worst_among_most_similar,1-point,0.2,0.1,3.0,47.221282958984375,5.0
128,0.7460594692354187,500.0,2136.0,5.0,1.3375846469380543,5.0,bin,1,4.0,75.0,1.0,euclidean,TestFunctions.Deb2,worst_among_most_similar,1-point,0.2,0.1,4.0,21.01274871826172,5.0
129,0.608325040925921,500.0,3234.0,13.0,0.7814531843934336,13.0,bin,1,4.0,75.0,1.0,euclidean,TestFunctions.Deb2,worst_among_most_similar,1-point,0.2,0.1,5.0,31.45735764503479,5.0
130,0.6451095276248753,500.0,2660.0,14.0,0.6617284434847324,14.0,bin,1,4.0,75.0,1.0,euclidean,TestFunctions.Deb2,worst_among_most_similar,1-point,0.2,0.1,6.0,26.063228130340576,5.0
131,0.5520058720132893,500.0,4214.0,7.0,0.6058833781852689,7.0,bin,1,4.0,75.0,1.0,euclidean,TestFunctions.Deb2,worst_among_most_similar,1-point,0.2,0.1,7.0,41.03527212142944,5.0
132,0.005825509661601641,500.0,70.0,80.0,0.009104708699431585,80.0,bin,1,4.0,75.0,1.0,euclidean,TestFunctions.Deb2,worst_among_most_similar,1-point,0.2,0.1,8.0,1.429839849472046,5.0
133,0.005825509661601641,500.0,82.0,78.0,0.009104708699431585,78.0,bin,1,4.0,75.0,1.0,euclidean,TestFunctions.Deb2,worst_among_most_similar,1-point,0.2,0.1,9.0,1.5610220432281494,5.0
134,0.5767889841126739,500.0,3056.0,9.0,0.001151696067149266,1.8,bin,1,4.0,75.0,1.0,euclidean,TestFunctions.Deb3,worst_among_most_similar,1-point,0.2,0.1,0.0,29.607695817947388,5.0
135,0.33021098925622694,500.0,2294.0,9.0,0.8824959733728921,1.8,bin,1,4.0,75.0,1.0,euclidean,TestFunctions.Deb3,worst_among_most_similar,1-point,0.2,0.1,1.0,22.370143175125122,5.0
136,0.16793746372173668,500.0,2364.0,16.0,0.0005332754780966731,3.2,bin,1,4.0,75.0,1.0,euclidean,TestFunctions.Deb3,worst_among_most_similar,1-point,0.2,0.1,2.0,23.04609513282776,5.0
137,1.3576862831010832,500.0,3708.0,4.0,2.41575073123738,0.8,bin,1,4.0,75.0,1.0,euclidean,TestFunctions.Deb3,worst_among_most_similar,1-point,0.2,0.1,3.0,35.78572082519531,5.0
138,0.4197065779199005,500.0,3746.0,3.0,0.00042244013894154886,0.6,bin,1,4.0,75.0,1.0,euclidean,TestFunctions.Deb3,worst_among_most_similar,1-point,0.2,0.1,4.0,36.40280723571777,5.0
139,0.5380470477068664,500.0,3598.0,5.0,0.8760850744099818,1.0,bin,1,4.0,75.0,1.0,euclidean,TestFunctions.Deb3,worst_among_most_similar,1-point,0.2,0.1,5.0,34.82560682296753,5.0
140,1.3212070022301683,500.0,3272.0,3.0,2.7774969624583825,0.6,bin,1,4.0,75.0,1.0,euclidean,TestFunctions.Deb3,worst_among_most_similar,1-point,0.2,0.1,6.0,31.847303867340088,5.0
141,0.9098588490370109,500.0,5034.0,3.0,1.1490010839560039,0.6,bin,1,4.0,75.0,1.0,euclidean,TestFunctions.Deb3,worst_among_most_similar,1-point,0.2,0.1,7.0,48.739603996276855,5.0
142,0.5770196638916121,500.0,2988.0,5.0,0.0010517944372305799,1.0,bin,1,4.0,75.0,1.0,euclidean,TestFunctions.Deb3,worst_among_most_similar,1-point,0.2,0.1,8.0,28.917221784591675,5.0
143,0.003018476157297209,500.0,2042.0,7.0,0.0047053791783876475,1.4,bin,1,4.0,75.0,1.0,euclidean,TestFunctions.Deb3,worst_among_most_similar,1-point,0.2,0.1,9.0,19.813035011291504,5.0
144,1.958395668477947,500.0,2066.0,2.0,1.3345761809030887,2.0,bin,1,4.0,75.0,1.0,euclidean,TestFunctions.Deb2,most_similar_among_worst,1-point,0.2,0.1,0.0,18.074907064437866,5.0
145,0.007304519066068188,500.0,42.0,81.0,0.008501932851462252,81.0,bin,1,4.0,75.0,1.0,euclidean,TestFunctions.Deb2,most_similar_among_worst,1-point,0.2,0.1,1.0,1.1322360038757324,5.0
146,1.9468579321950101,500.0,2258.0,2.0,1.2441108989947862,2.0,bin,1,4.0,75.0,1.0,euclidean,TestFunctions.Deb2,most_similar_among_worst,1-point,0.2,0.1,2.0,19.713289976119995,5.0
147,1.203028937804184,500.0,2118.0,5.0,1.3378804674750824,5.0,bin,1,4.0,75.0,1.0,euclidean,TestFunctions.Deb2,most_similar_among_worst,1-point,0.2,0.1,3.0,18.925036668777466,5.0
148,1.9758164533501108,500.0,2298.0,1.0,1.5447395377222306,1.0,bin,1,4.0,75.0,1.0,euclidean,TestFunctions.Deb2,most_similar_among_worst,1-point,0.2,0.1,4.0,20.10413098335266,5.0
149,1.9576273156810777,500.0,2172.0,3.0,1.3327085411550916,3.0,bin,1,4.0,75.0,1.0,euclidean,TestFunctions.Deb2,most_similar_among_worst,1-point,0.2,0.1,5.0,19.086707830429077,5.0
150,1.1923551054769457,500.0,1842.0,5.0,1.3023251825192004,5.0,bin,1,4.0,75.0,1.0,euclidean,TestFunctions.Deb2,most_similar_among_worst,1-point,0.2,0.1,6.0,16.195923805236816,5.0
151,1.1122185023697706,500.0,1866.0,6.0,0.9198137503364585,6.0,bin,1,4.0,75.0,1.0,euclidean,TestFunctions.Deb2,most_similar_among_worst,1-point,0.2,0.1,7.0,16.438750982284546,5.0
152,1.214147751971264,500.0,2156.0,5.0,1.3277387279758082,5.0,bin,1,4.0,75.0,1.0,euclidean,TestFunctions.Deb2,most_similar_among_worst,1-point,0.2,0.1,8.0,18.919251918792725,5.0
153,1.1776400438490673,500.0,1838.0,5.0,1.1625208103142195,5.0,bin,1,4.0,75.0,1.0,euclidean,TestFunctions.Deb2,most_similar_among_worst,1-point,0.2,0.1,9.0,16.192848920822144,5.0
154,0.0034247994182454583,500.0,1494.0,11.0,0.00047962463145179157,2.2,bin,1,4.0,75.0,1.0,euclidean,TestFunctions.Deb3,most_similar_among_worst,1-point,0.2,0.1,0.0,13.200756788253784,5.0
155,0.0027965500180523323,500.0,1508.0,11.0,0.0004801956397394447,2.2,bin,1,4.0,75.0,1.0,euclidean,TestFunctions.Deb3,most_similar_among_worst,1-point,0.2,0.1,1.0,13.361355781555176,5.0
156,0.00328515807856343,500.0,1352.0,13.0,0.00044907932920645877,2.6,bin,1,4.0,75.0,1.0,euclidean,TestFunctions.Deb3,most_similar_among_worst,1-point,0.2,0.1,2.0,11.945090055465698,5.0
157,0.0028939139888572857,500.0,1472.0,9.0,0.00036279666263783206,1.8,bin,1,4.0,75.0,1.0,euclidean,TestFunctions.Deb3,most_similar_among_worst,1-point,0.2,0.1,3.0,12.96904182434082,5.0
158,0.002983024113735508,500.0,1316.0,8.0,0.0007867468830732305,1.6,bin,1,4.0,75.0,1.0,euclidean,TestFunctions.Deb3,most_similar_among_worst,1-point,0.2,0.1,4.0,11.645949840545654,5.0
159,0.0029414057491169293,500.0,1376.0,10.0,0.0003424796320252721,2.0,bin,1,4.0,75.0,1.0,euclidean,TestFunctions.Deb3,most_similar_among_worst,1-point,0.2,0.1,5.0,12.152229070663452,5.0
160,0.0034335016963826653,500.0,32.0,82.0,0.0004858617121251685,16.4,bin,1,4.0,75.0,1.0,euclidean,TestFunctions.Deb3,most_similar_among_worst,1-point,0.2,0.1,6.0,1.048279047012329,5.0
161,0.0031346738440659466,500.0,1526.0,12.0,0.000901862316002644,2.4,bin,1,4.0,75.0,1.0,euclidean,TestFunctions.Deb3,most_similar_among_worst,1-point,0.2,0.1,7.0,13.428089141845703,5.0
162,0.003189361070927918,500.0,1446.0,10.0,0.0004885141123204262,2.0,bin,1,4.0,75.0,1.0,euclidean,TestFunctions.Deb3,most_similar_among_worst,1-point,0.2,0.1,8.0,13.033900022506714,5.0
163,0.0034334979565404516,500.0,1480.0,11.0,0.00048585887802754524,2.2,bin,1,4.0,75.0,1.0,euclidean,TestFunctions.Deb3,most_similar_among_worst,1-point,0.2,0.1,9.0,13.119806051254272,5.0
164,0.792203426018094,500.0,3432.0,2.0,0.9569190059759278,2.0,bin,1,3.0,75.0,1.0,euclidean,TestFunctions.Deb2,worst_among_most_similar,1-point,0.1,0.2,0.0,33.221428871154785,5.0
165,0.5498208789855666,500.0,2782.0,5.0,0.22320161461505678,5.0,bin,1,3.0,75.0,1.0,euclidean,TestFunctions.Deb2,worst_among_most_similar,1-point,0.1,0.2,1.0,27.204885959625244,5.0
166,0.7773349087696991,500.0,3414.0,6.0,1.525905379394774,6.0,bin,1,3.0,75.0,1.0,euclidean,TestFunctions.Deb2,worst_among_most_similar,1-point,0.1,0.2,2.0,33.2189507484436,5.0
167,0.625301876275215,500.0,2614.0,4.0,0.7009771163792893,4.0,bin,1,3.0,75.0,1.0,euclidean,TestFunctions.Deb2,worst_among_most_similar,1-point,0.1,0.2,3.0,25.44738483428955,5.0
168,0.5448627539473467,500.0,2350.0,7.0,0.2128376902489954,7.0,bin,1,3.0,75.0,1.0,euclidean,TestFunctions.Deb2,worst_among_most_similar,1-point,0.1,0.2,4.0,22.898005962371826,5.0
169,0.7939964021427407,500.0,3236.0,3.0,0.9904339392900448,3.0,bin,1,3.0,75.0,1.0,euclidean,TestFunctions.Deb2,worst_among_most_similar,1-point,0.1,0.2,5.0,31.257200956344604,5.0
170,0.7068797848985887,500.0,4230.0,5.0,1.4331343543430908,5.0,bin,1,3.0,75.0,1.0,euclidean,TestFunctions.Deb2,worst_among_most_similar,1-point,0.1,0.2,6.0,40.85094714164734,5.0
171,0.6654847731987327,500.0,3280.0,6.0,1.5981287146087642,6.0,bin,1,3.0,75.0,1.0,euclidean,TestFunctions.Deb2,worst_among_most_similar,1-point,0.1,0.2,7.0,31.793219089508057,5.0
172,0.7037158067494036,500.0,4632.0,7.0,0.7137365363740772,7.0,bin,1,3.0,75.0,1.0,euclidean,TestFunctions.Deb2,worst_among_most_similar,1-point,0.1,0.2,8.0,45.030049085617065,5.0
173,1.1736015100640036,500.0,2162.0,3.0,1.1459356158238378,3.0,bin,1,3.0,75.0,1.0,euclidean,TestFunctions.Deb2,worst_among_most_similar,1-point,0.1,0.2,9.0,20.96595811843872,5.0
174,0.18481767588858355,500.0,2442.0,14.0,0.13857925134491345,2.8,bin,1,3.0,75.0,1.0,euclidean,TestFunctions.Deb3,worst_among_most_similar,1-point,0.1,0.2,0.0,23.76105499267578,5.0
175,0.42003042339403873,500.0,3192.0,11.0,0.005835990315774864,2.2,bin,1,3.0,75.0,1.0,euclidean,TestFunctions.Deb3,worst_among_most_similar,1-point,0.1,0.2,1.0,31.02105975151062,5.0
176,0.8636438643573668,500.0,2994.0,3.0,0.09401869900267357,0.6,bin,1,3.0,75.0,1.0,euclidean,TestFunctions.Deb3,worst_among_most_similar,1-point,0.1,0.2,2.0,29.12434697151184,5.0
177,0.727360193472142,500.0,2668.0,5.0,0.9735400108852421,1.0,bin,1,3.0,75.0,1.0,euclidean,TestFunctions.Deb3,worst_among_most_similar,1-point,0.1,0.2,3.0,26.104690074920654,5.0
178,0.005004992335346112,500.0,2436.0,7.0,0.004276265767891085,1.4,bin,1,3.0,75.0,1.0,euclidean,TestFunctions.Deb3,worst_among_most_similar,1-point,0.1,0.2,4.0,23.746592044830322,5.0
179,0.2848556090858858,500.0,3576.0,9.0,1.4302020098661832,1.8,bin,1,3.0,75.0,1.0,euclidean,TestFunctions.Deb3,worst_among_most_similar,1-point,0.1,0.2,5.0,34.75231599807739,5.0
180,0.4831418907023599,500.0,3880.0,6.0,0.9385278270792031,1.2,bin,1,3.0,75.0,1.0,euclidean,TestFunctions.Deb3,worst_among_most_similar,1-point,0.1,0.2,6.0,37.52814698219299,5.0
181,0.5340442239908055,500.0,4052.0,4.0,1.6924651345557842,0.8,bin,1,3.0,75.0,1.0,euclidean,TestFunctions.Deb3,worst_among_most_similar,1-point,0.1,0.2,7.0,39.201783895492554,5.0
182,0.658697995829991,500.0,3432.0,6.0,1.2614958831684722,1.2,bin,1,3.0,75.0,1.0,euclidean,TestFunctions.Deb3,worst_among_most_similar,1-point,0.1,0.2,8.0,33.57414889335632,5.0
183,0.4602598245000084,500.0,4778.0,5.0,2.814272749975451,1.0,bin,1,3.0,75.0,1.0,euclidean,TestFunctions.Deb3,worst_among_most_similar,1-point,0.1,0.2,9.0,46.18946385383606,5.0
184,0.0016599293859092257,500.0,90.0,78.0,0.0015293416105107704,78.0,bin,1,3.0,75.0,1.0,euclidean,TestFunctions.Deb2,most_similar_among_worst,1-point,0.1,0.2,0.0,1.5240662097930908,5.0
185,1.9604291117316328,500.0,2136.0,2.0,1.3793770684591746,2.0,bin,1,3.0,75.0,1.0,euclidean,TestFunctions.Deb2,most_similar_among_worst,1-point,0.1,0.2,1.0,18.820378303527832,5.0
186,0.0016599464087575788,500.0,46.0,79.0,0.0015293643299446602,79.0,bin,1,3.0,75.0,1.0,euclidean,TestFunctions.Deb2,most_similar_among_worst,1-point,0.1,0.2,2.0,1.176555871963501,5.0
187,1.9610967624950173,500.0,2250.0,3.0,1.380193630537831,3.0,bin,1,3.0,75.0,1.0,euclidean,TestFunctions.Deb2,most_similar_among_worst,1-point,0.1,0.2,3.0,19.79062795639038,5.0
188,1.2223512848157227,500.0,1940.0,4.0,1.3038074030899856,4.0,bin,1,3.0,75.0,1.0,euclidean,TestFunctions.Deb2,most_similar_among_worst,1-point,0.1,0.2,4.0,17.06984305381775,5.0
189,1.9893543203674113,500.0,2438.0,1.0,1.6425985532619394,1.0,bin,1,3.0,75.0,1.0,euclidean,TestFunctions.Deb2,most_similar_among_worst,1-point,0.1,0.2,5.0,21.43736433982849,5.0
190,1.9747954231325728,500.0,1978.0,2.0,1.5451700223809364,2.0,bin,1,3.0,75.0,1.0,euclidean,TestFunctions.Deb2,most_similar_among_worst,1-point,0.1,0.2,6.0,17.411530017852783,5.0
191,1.9587003983854083,500.0,2176.0,2.0,1.3459949602925434,2.0,bin,1,3.0,75.0,1.0,euclidean,TestFunctions.Deb2,most_similar_among_worst,1-point,0.1,0.2,7.0,19.04500389099121,5.0
192,1.9600709438620307,500.0,2218.0,1.0,1.3744405819552163,1.0,bin,1,3.0,75.0,1.0,euclidean,TestFunctions.Deb2,most_similar_among_worst,1-point,0.1,0.2,8.0,19.456688165664673,5.0
193,0.0016599464087575788,500.0,74.0,79.0,0.0015293643299446602,79.0,bin,1,3.0,75.0,1.0,euclidean,TestFunctions.Deb2,most_similar_among_worst,1-point,0.1,0.2,9.0,1.404567003250122,5.0
194,0.0012713862843226759,500.0,1304.0,14.0,0.0009769367614258506,2.8,bin,1,3.0,75.0,1.0,euclidean,TestFunctions.Deb3,most_similar_among_worst,1-point,0.1,0.2,0.0,11.529221057891846,5.0
195,0.0015998967820650828,500.0,52.0,82.0,0.0012753083806357202,16.4,bin,1,3.0,75.0,1.0,euclidean,TestFunctions.Deb3,most_similar_among_worst,1-point,0.1,0.2,1.0,1.1901090145111084,5.0
196,0.0015994199449068797,500.0,1376.0,15.0,0.0012742006537952433,3.0,bin,1,3.0,75.0,1.0,euclidean,TestFunctions.Deb3,most_similar_among_worst,1-point,0.1,0.2,2.0,12.128104209899902,5.0
197,0.0015997775727737557,500.0,1128.0,14.0,0.0012752746354567357,2.8,bin,1,3.0,75.0,1.0,euclidean,TestFunctions.Deb3,most_similar_among_worst,1-point,0.1,0.2,3.0,9.974969148635864,5.0
198,0.0015989431077486765,500.0,1420.0,12.0,0.001275018830354857,2.4,bin,1,3.0,75.0,1.0,euclidean,TestFunctions.Deb3,most_similar_among_worst,1-point,0.1,0.2,4.0,12.505164861679077,5.0
199,0.0014613940375494266,500.0,1490.0,11.0,0.0011431132437406122,2.2,bin,1,3.0,75.0,1.0,euclidean,TestFunctions.Deb3,most_similar_among_worst,1-point,0.1,0.2,5.0,13.115108013153076,5.0
200,0.001378088089082366,500.0,1396.0,16.0,0.0012306176851055728,3.2,bin,1,3.0,75.0,1.0,euclidean,TestFunctions.Deb3,most_similar_among_worst,1-point,0.1,0.2,6.0,12.383266925811768,5.0
201,0.0013815448078051823,500.0,1412.0,10.0,0.001248657270514486,2.0,bin,1,3.0,75.0,1.0,euclidean,TestFunctions.Deb3,most_similar_among_worst,1-point,0.1,0.2,7.0,12.512976884841919,5.0
202,0.0011762507234558545,500.0,1664.0,8.0,0.001161730541525352,1.6,bin,1,3.0,75.0,1.0,euclidean,TestFunctions.Deb3,most_similar_among_worst,1-point,0.1,0.2,8.0,14.690891981124878,5.0
203,0.0015998893314844859,500.0,1616.0,10.0,0.001275308291871391,2.0,bin,1,3.0,75.0,1.0,euclidean,TestFunctions.Deb3,most_similar_among_worst,1-point,0.1,0.2,9.0,14.340311050415039,5.0
204,0.6313088678865181,500.0,3074.0,9.0,0.8002215920406013,9.0,bin,1,4.0,75.0,1.0,euclidean,TestFunctions.Deb2,worst_among_most_similar,1-point,0.1,0.2,0.0,30.015021085739136,5.0
205,0.6124484388572967,500.0,3000.0,4.0,0.740353301803319,4.0,bin,1,4.0,75.0,1.0,euclidean,TestFunctions.Deb2,worst_among_most_similar,1-point,0.1,0.2,1.0,29.22337508201599,5.0
206,0.7469451162178407,500.0,3718.0,7.0,1.5067082872499515,7.0,bin,1,4.0,75.0,1.0,euclidean,TestFunctions.Deb2,worst_among_most_similar,1-point,0.1,0.2,2.0,36.12485980987549,5.0
207,0.7538712650478245,500.0,3634.0,5.0,1.5450006318598184,5.0,bin,1,4.0,75.0,1.0,euclidean,TestFunctions.Deb2,worst_among_most_similar,1-point,0.1,0.2,3.0,35.168635845184326,5.0
208,0.8042150985416852,500.0,3612.0,4.0,1.4024410999746366,4.0,bin,1,4.0,75.0,1.0,euclidean,TestFunctions.Deb2,worst_among_most_similar,1-point,0.1,0.2,4.0,34.90145707130432,5.0
209,0.7954780163863268,500.0,5496.0,5.0,1.0901646219735333,5.0,bin,1,4.0,75.0,1.0,euclidean,TestFunctions.Deb2,worst_among_most_similar,1-point,0.1,0.2,5.0,53.047932863235474,5.0
210,0.49153195699796803,500.0,4432.0,7.0,0.5134663928618639,7.0,bin,1,4.0,75.0,1.0,euclidean,TestFunctions.Deb2,worst_among_most_similar,1-point,0.1,0.2,6.0,42.82719898223877,5.0
211,0.006352133819128164,500.0,24.0,79.0,0.01198623996335857,79.0,bin,1,4.0,75.0,1.0,euclidean,TestFunctions.Deb2,worst_among_most_similar,1-point,0.1,0.2,7.0,0.9986159801483154,5.0
212,0.6025462016905367,500.0,2878.0,8.0,0.7251143664459001,8.0,bin,1,4.0,75.0,1.0,euclidean,TestFunctions.Deb2,worst_among_most_similar,1-point,0.1,0.2,8.0,27.976500034332275,5.0
213,0.7629351731459185,500.0,4374.0,3.0,1.452747601162793,3.0,bin,1,4.0,75.0,1.0,euclidean,TestFunctions.Deb2,worst_among_most_similar,1-point,0.1,0.2,9.0,42.306702852249146,5.0
214,0.0813823912996615,500.0,2890.0,7.0,0.875480768974627,1.4,bin,1,4.0,75.0,1.0,euclidean,TestFunctions.Deb3,worst_among_most_similar,1-point,0.1,0.2,0.0,27.989784955978394,5.0
215,1.2467526063730991,500.0,4074.0,2.0,0.4850223525411518,0.4,bin,1,4.0,75.0,1.0,euclidean,TestFunctions.Deb3,worst_among_most_similar,1-point,0.1,0.2,1.0,39.30564308166504,5.0
216,0.7980570127729202,500.0,4988.0,4.0,1.377569053470751,0.8,bin,1,4.0,75.0,1.0,euclidean,TestFunctions.Deb3,worst_among_most_similar,1-point,0.1,0.2,2.0,48.468743085861206,5.0
217,0.8811906492189194,500.0,3898.0,5.0,0.0003957680364086169,1.0,bin,1,4.0,75.0,1.0,euclidean,TestFunctions.Deb3,worst_among_most_similar,1-point,0.1,0.2,3.0,37.94199466705322,5.0
218,0.830500011875425,500.0,3742.0,5.0,0.17311013342707904,1.0,bin,1,4.0,75.0,1.0,euclidean,TestFunctions.Deb3,worst_among_most_similar,1-point,0.1,0.2,4.0,36.38743281364441,5.0
219,0.4890939714621666,500.0,4402.0,6.0,1.6419245899235113,1.2,bin,1,4.0,75.0,1.0,euclidean,TestFunctions.Deb3,worst_among_most_similar,1-point,0.1,0.2,5.0,42.57207202911377,5.0
220,0.33187440221049463,500.0,2624.0,14.0,0.8759554683305513,2.8,bin,1,4.0,75.0,1.0,euclidean,TestFunctions.Deb3,worst_among_most_similar,1-point,0.1,0.2,6.0,25.48203206062317,5.0
221,0.33395205264130273,500.0,5520.0,5.0,1.4542587560518654,1.0,bin,1,4.0,75.0,1.0,euclidean,TestFunctions.Deb3,worst_among_most_similar,1-point,0.1,0.2,7.0,53.43854522705078,5.0
222,0.5364374918162486,500.0,3436.0,8.0,0.8750993027533468,1.6,bin,1,4.0,75.0,1.0,euclidean,TestFunctions.Deb3,worst_among_most_similar,1-point,0.1,0.2,8.0,33.278804063797,5.0
223,0.8254465414061946,500.0,3582.0,6.0,0.0015511774855004878,1.2,bin,1,4.0,75.0,1.0,euclidean,TestFunctions.Deb3,worst_among_most_similar,1-point,0.1,0.2,9.0,35.03212285041809,5.0
224,1.9620808367029015,500.0,1846.0,1.0,1.4073782974986515,1.0,bin,1,4.0,75.0,1.0,euclidean,TestFunctions.Deb2,most_similar_among_worst,1-point,0.1,0.2,0.0,16.154906749725342,5.0
225,1.193282781501878,500.0,1916.0,2.0,1.31444614023976,2.0,bin,1,4.0,75.0,1.0,euclidean,TestFunctions.Deb2,most_similar_among_worst,1-point,0.1,0.2,1.0,16.796606063842773,5.0
226,0.0038436110442726934,500.0,10.0,83.0,0.010955683329319621,83.0,bin,1,4.0,75.0,1.0,euclidean,TestFunctions.Deb2,most_similar_among_worst,1-point,0.1,0.2,2.0,0.8858509063720703,5.0
227,1.1932827815017273,500.0,2228.0,3.0,1.3144461402389527,3.0,bin,1,4.0,75.0,1.0,euclidean,TestFunctions.Deb2,most_similar_among_worst,1-point,0.1,0.2,3.0,19.598830699920654,5.0
228,0.8155349808827048,500.0,2080.0,4.0,1.4011071515145919,4.0,bin,1,4.0,75.0,1.0,euclidean,TestFunctions.Deb2,most_similar_among_worst,1-point,0.1,0.2,4.0,18.350192070007324,5.0
229,1.965708604413149,500.0,2064.0,1.0,1.4535168244985273,1.0,bin,1,4.0,75.0,1.0,euclidean,TestFunctions.Deb2,most_similar_among_worst,1-point,0.1,0.2,5.0,18.211536169052124,5.0
230,1.962080717493612,500.0,2128.0,1.0,1.407378285079687,1.0,bin,1,4.0,75.0,1.0,euclidean,TestFunctions.Deb2,most_similar_among_worst,1-point,0.1,0.2,6.0,18.691181898117065,5.0
231,1.965647479429299,500.0,1978.0,2.0,1.453513224958057,2.0,bin,1,4.0,75.0,1.0,euclidean,TestFunctions.Deb2,most_similar_among_worst,1-point,0.1,0.2,7.0,17.480840921401978,5.0
232,1.9789470987021125,500.0,2088.0,1.0,1.585338527901654,1.0,bin,1,4.0,75.0,1.0,euclidean,TestFunctions.Deb2,most_similar_among_worst,1-point,0.1,0.2,8.0,18.408698797225952,5.0
233,1.275559452003102,500.0,2236.0,2.0,0.9268519308099321,2.0,bin,1,4.0,75.0,1.0,euclidean,TestFunctions.Deb2,most_similar_among_worst,1-point,0.1,0.2,9.0,19.532340049743652,5.0
234,0.002477453712353986,500.0,1354.0,8.0,0.0023447910530859373,1.6,bin,1,4.0,75.0,1.0,euclidean,TestFunctions.Deb3,most_similar_among_worst,1-point,0.1,0.2,0.0,11.997741222381592,5.0
235,0.002974659327734011,500.0,14.0,81.0,0.0028089126912540507,16.2,bin,1,4.0,75.0,1.0,euclidean,TestFunctions.Deb3,most_similar_among_worst,1-point,0.1,0.2,1.0,0.8712081909179688,5.0
236,0.0021341940679310417,500.0,1356.0,10.0,0.0014824513496096703,2.0,bin,1,4.0,75.0,1.0,euclidean,TestFunctions.Deb3,most_similar_among_worst,1-point,0.1,0.2,2.0,12.003286123275757,5.0
237,0.0029135966990982004,500.0,1570.0,9.0,0.002728826219171032,1.8,bin,1,4.0,75.0,1.0,euclidean,TestFunctions.Deb3,most_similar_among_worst,1-point,0.1,0.2,3.0,13.87141728401184,5.0
238,0.0027263079725193956,500.0,1434.0,8.0,0.0025481930527777585,1.6,bin,1,4.0,75.0,1.0,euclidean,TestFunctions.Deb3,most_similar_among_worst,1-point,0.1,0.2,4.0,12.67187786102295,5.0
239,0.002974659327734011,500.0,1328.0,9.0,0.0028089126912540507,1.8,bin,1,4.0,75.0,1.0,euclidean,TestFunctions.Deb3,most_similar_among_worst,1-point,0.1,0.2,5.0,11.73137378692627,5.0
240,0.0021341866173502227,500.0,1502.0,10.0,0.0014824510998350249,2.0,bin,1,4.0,75.0,1.0,euclidean,TestFunctions.Deb3,most_similar_among_worst,1-point,0.1,0.2,6.0,13.179157018661499,5.0
241,0.002518758539260188,500.0,1322.0,10.0,0.0020553005829643256,2.0,bin,1,4.0,75.0,1.0,euclidean,TestFunctions.Deb3,most_similar_among_worst,1-point,0.1,0.2,7.0,11.699989080429077,5.0
242,0.0029746593275066374,500.0,1312.0,12.0,0.002808912690727583,2.4,bin,1,4.0,75.0,1.0,euclidean,TestFunctions.Deb3,most_similar_among_worst,1-point,0.1,0.2,8.0,11.606873989105225,5.0
243,0.0029441408180022194,500.0,1530.0,10.0,0.0027395708158280963,2.0,bin,1,4.0,75.0,1.0,euclidean,TestFunctions.Deb3,most_similar_among_worst,1-point,0.1,0.2,9.0,13.984780073165894,5.0
244,0.6179943737128206,500.0,2760.0,12.0,0.6979104436905583,12.0,bin,1,3.0,75.0,1.0,euclidean,TestFunctions.Deb2,worst_among_most_similar,1-point,0.2,0.2,0.0,26.789968967437744,5.0
245,0.010285508876528987,500.0,192.0,70.0,0.01433047755869854,70.0,bin,1,3.0,75.0,1.0,euclidean,TestFunctions.Deb2,worst_among_most_similar,1-point,0.2,0.2,1.0,2.5443460941314697,5.0
246,0.7573998478183088,500.0,3512.0,7.0,1.536656013950708,7.0,bin,1,3.0,75.0,1.0,euclidean,TestFunctions.Deb2,worst_among_most_similar,1-point,0.2,0.2,2.0,34.144845724105835,5.0
247,0.7751274609384783,500.0,3022.0,5.0,1.019168292561798,5.0,bin,1,3.0,75.0,1.0,euclidean,TestFunctions.Deb2,worst_among_most_similar,1-point,0.2,0.2,3.0,29.442978858947754,5.0
248,0.010285508876528987,500.0,20.0,80.0,0.01433047755869854,80.0,bin,1,3.0,75.0,1.0,euclidean,TestFunctions.Deb2,worst_among_most_similar,1-point,0.2,0.2,4.0,1.002842903137207,5.0
249,0.21104843782556962,500.0,2522.0,11.0,0.7283253763607539,11.0,bin,1,3.0,75.0,1.0,euclidean,TestFunctions.Deb2,worst_among_most_similar,1-point,0.2,0.2,5.0,24.720762252807617,5.0
250,0.6802875742781416,500.0,3216.0,6.0,0.9455495358722136,6.0,bin,1,3.0,75.0,1.0,euclidean,TestFunctions.Deb2,worst_among_most_similar,1-point,0.2,0.2,6.0,31.39537787437439,5.0
251,0.7464003290470492,500.0,3744.0,3.0,0.30143026303691284,3.0,bin,1,3.0,75.0,1.0,euclidean,TestFunctions.Deb2,worst_among_most_similar,1-point,0.2,0.2,7.0,36.24362897872925,5.0
252,0.7612044800129553,500.0,3306.0,3.0,0.3959900179285581,3.0,bin,1,3.0,75.0,1.0,euclidean,TestFunctions.Deb2,worst_among_most_similar,1-point,0.2,0.2,8.0,32.05318593978882,5.0
253,0.7779179923779576,500.0,3902.0,13.0,1.3058721552035004,13.0,bin,1,3.0,75.0,1.0,euclidean,TestFunctions.Deb2,worst_among_most_similar,1-point,0.2,0.2,9.0,37.83854126930237,5.0
254,1.1632251869760437,500.0,3650.0,4.0,1.8431996882600323,0.8,bin,1,3.0,75.0,1.0,euclidean,TestFunctions.Deb3,worst_among_most_similar,1-point,0.2,0.2,0.0,35.19028091430664,5.0
255,0.8272865317446253,500.0,3978.0,4.0,0.0018954510747855036,0.8,bin,1,3.0,75.0,1.0,euclidean,TestFunctions.Deb3,worst_among_most_similar,1-point,0.2,0.2,1.0,38.53083634376526,5.0
256,0.8129156495637152,500.0,4030.0,5.0,1.0511575718428676,1.0,bin,1,3.0,75.0,1.0,euclidean,TestFunctions.Deb3,worst_among_most_similar,1-point,0.2,0.2,2.0,38.99969005584717,5.0
257,0.4191805620738469,500.0,2972.0,4.0,0.0010765054307528832,0.8,bin,1,3.0,75.0,1.0,euclidean,TestFunctions.Deb3,worst_among_most_similar,1-point,0.2,0.2,3.0,28.700042009353638,5.0
258,0.9513535995068448,500.0,4032.0,3.0,1.435091183033098,0.6,bin,1,3.0,75.0,1.0,euclidean,TestFunctions.Deb3,worst_among_most_similar,1-point,0.2,0.2,4.0,39.466115951538086,5.0
259,0.16934371465964482,500.0,2482.0,6.0,0.0010770299202421674,1.2,bin,1,3.0,75.0,1.0,euclidean,TestFunctions.Deb3,worst_among_most_similar,1-point,0.2,0.2,5.0,24.180197954177856,5.0
260,0.1693446530429844,500.0,2560.0,6.0,0.0010775836757577206,1.2,bin,1,3.0,75.0,1.0,euclidean,TestFunctions.Deb3,worst_among_most_similar,1-point,0.2,0.2,6.0,24.778180837631226,5.0
261,0.8367246806030009,500.0,3804.0,3.0,0.5455844949719247,0.6,bin,1,3.0,75.0,1.0,euclidean,TestFunctions.Deb3,worst_among_most_similar,1-point,0.2,0.2,7.0,36.90586805343628,5.0
262,0.42031564831636614,500.0,2326.0,4.0,0.001904986413359011,0.8,bin,1,3.0,75.0,1.0,euclidean,TestFunctions.Deb3,worst_among_most_similar,1-point,0.2,0.2,8.0,22.55629277229309,5.0
263,0.4201926624263063,500.0,2946.0,9.0,1.9796886354818268,1.8,bin,1,3.0,75.0,1.0,euclidean,TestFunctions.Deb3,worst_among_most_similar,1-point,0.2,0.2,9.0,28.751853227615356,5.0
264,0.009338992635496396,500.0,38.0,83.0,0.0074818525012673165,83.0,bin,1,3.0,75.0,1.0,euclidean,TestFunctions.Deb2,most_similar_among_worst,1-point,0.2,0.2,0.0,1.125298261642456,5.0
265,1.1811200367960404,500.0,1788.0,5.0,1.2163420071965412,5.0,bin,1,3.0,75.0,1.0,euclidean,TestFunctions.Deb2,most_similar_among_worst,1-point,0.2,0.2,1.0,15.78431487083435,5.0
266,1.9606310054777945,500.0,2556.0,3.0,1.3663746350990897,3.0,bin,1,3.0,75.0,1.0,euclidean,TestFunctions.Deb2,most_similar_among_worst,1-point,0.2,0.2,2.0,22.483805894851685,5.0
267,1.9795433755308456,500.0,2420.0,1.0,1.5789614563001586,1.0,bin,1,3.0,75.0,1.0,euclidean,TestFunctions.Deb2,most_similar_among_worst,1-point,0.2,0.2,3.0,21.30508065223694,5.0
268,1.9885147225249586,500.0,2520.0,1.0,1.6363031118278117,1.0,bin,1,3.0,75.0,1.0,euclidean,TestFunctions.Deb2,most_similar_among_worst,1-point,0.2,0.2,4.0,22.118288040161133,5.0
269,1.9864870681158393,500.0,2534.0,1.0,1.6326966252258797,1.0,bin,1,3.0,75.0,1.0,euclidean,TestFunctions.Deb2,most_similar_among_worst,1-point,0.2,0.2,5.0,22.146422863006592,5.0
270,1.1847658104068672,500.0,2014.0,7.0,1.2512238560646463,7.0,bin,1,3.0,75.0,1.0,euclidean,TestFunctions.Deb2,most_similar_among_worst,1-point,0.2,0.2,6.0,17.708405017852783,5.0
271,1.200675101468684,500.0,2220.0,6.0,1.337070294177606,6.0,bin,1,3.0,75.0,1.0,euclidean,TestFunctions.Deb2,most_similar_among_worst,1-point,0.2,0.2,7.0,19.48772621154785,5.0
272,0.009338992635496396,500.0,58.0,81.0,0.0074818525012673165,81.0,bin,1,3.0,75.0,1.0,euclidean,TestFunctions.Deb2,most_similar_among_worst,1-point,0.2,0.2,8.0,1.2610499858856201,5.0
273,1.1840587196765584,500.0,2070.0,6.0,1.2220844589118909,6.0,bin,1,3.0,75.0,1.0,euclidean,TestFunctions.Deb2,most_similar_among_worst,1-point,0.2,0.2,9.0,18.112707138061523,5.0
274,0.0038111040961778114,500.0,1392.0,10.0,0.002894748004274139,2.0,bin,1,3.0,75.0,1.0,euclidean,TestFunctions.Deb3,most_similar_among_worst,1-point,0.2,0.2,0.0,12.314237117767334,5.0
275,0.003887281430126857,500.0,1242.0,16.0,0.0029318072341033563,3.2,bin,1,3.0,75.0,1.0,euclidean,TestFunctions.Deb3,most_similar_among_worst,1-point,0.2,0.2,1.0,10.971347093582153,5.0
276,0.0038872814310160902,500.0,1340.0,10.0,0.002931807234884398,2.0,bin,1,3.0,75.0,1.0,euclidean,TestFunctions.Deb3,most_similar_among_worst,1-point,0.2,0.2,2.0,11.855560064315796,5.0
277,0.001969248927844461,500.0,1484.0,9.0,0.0008208794337228875,1.8,bin,1,3.0,75.0,1.0,euclidean,TestFunctions.Deb3,most_similar_among_worst,1-point,0.2,0.2,3.0,13.094244956970215,5.0
278,0.003642648602042567,500.0,1376.0,13.0,0.002823377838266139,2.6,bin,1,3.0,75.0,1.0,euclidean,TestFunctions.Deb3,most_similar_among_worst,1-point,0.2,0.2,4.0,12.113336086273193,5.0
279,0.0037652111184095644,500.0,1404.0,11.0,0.0028769713209274572,2.2,bin,1,3.0,75.0,1.0,euclidean,TestFunctions.Deb3,most_similar_among_worst,1-point,0.2,0.2,5.0,13.057551860809326,5.0
280,0.0038872814301137565,500.0,1386.0,14.0,0.0029318072345773105,2.8,bin,1,3.0,75.0,1.0,euclidean,TestFunctions.Deb3,most_similar_among_worst,1-point,0.2,0.2,6.0,12.307358980178833,5.0
281,0.0029457402054774567,500.0,1490.0,10.0,0.0024857073119040063,2.0,bin,1,3.0,75.0,1.0,euclidean,TestFunctions.Deb3,most_similar_among_worst,1-point,0.2,0.2,7.0,13.17984414100647,5.0
282,0.003887281398281442,500.0,1578.0,8.0,0.002931807234804129,1.6,bin,1,3.0,75.0,1.0,euclidean,TestFunctions.Deb3,most_similar_among_worst,1-point,0.2,0.2,8.0,13.91181492805481,5.0
283,0.0038869834075718895,500.0,1468.0,9.0,0.0029316567815644845,1.8,bin,1,3.0,75.0,1.0,euclidean,TestFunctions.Deb3,most_similar_among_worst,1-point,0.2,0.2,9.0,13.0228590965271,5.0
284,1.1686550048783841,500.0,2116.0,3.0,1.0887264116973951,3.0,bin,1,4.0,75.0,1.0,euclidean,TestFunctions.Deb2,worst_among_most_similar,1-point,0.2,0.2,0.0,20.690884828567505,5.0
285,0.6948816439324995,500.0,3698.0,4.0,1.5550257167072068,4.0,bin,1,4.0,75.0,1.0,euclidean,TestFunctions.Deb2,worst_among_most_similar,1-point,0.2,0.2,1.0,36.05420279502869,5.0
286,0.00237189858189904,500.0,12.0,84.0,0.002378889399334838,84.0,bin,1,4.0,75.0,1.0,euclidean,TestFunctions.Deb2,worst_among_most_similar,1-point,0.2,0.2,2.0,0.9045102596282959,5.0
287,0.549139950162626,500.0,3266.0,5.0,0.2092401190739061,5.0,bin,1,4.0,75.0,1.0,euclidean,TestFunctions.Deb2,worst_among_most_similar,1-point,0.2,0.2,3.0,31.802701234817505,5.0
288,0.7535639552722762,500.0,3458.0,4.0,1.498967633816222,4.0,bin,1,4.0,75.0,1.0,euclidean,TestFunctions.Deb2,worst_among_most_similar,1-point,0.2,0.2,4.0,33.61104083061218,5.0
289,0.718338509083001,500.0,2842.0,11.0,0.7439611502304573,11.0,bin,1,4.0,75.0,1.0,euclidean,TestFunctions.Deb2,worst_among_most_similar,1-point,0.2,0.2,5.0,27.690853118896484,5.0
290,1.1678403365365204,500.0,3576.0,3.0,1.0736353000182892,3.0,bin,1,4.0,75.0,1.0,euclidean,TestFunctions.Deb2,worst_among_most_similar,1-point,0.2,0.2,6.0,34.5130181312561,5.0
291,0.33844639825124423,500.0,2806.0,4.0,0.6981937865300778,4.0,bin,1,4.0,75.0,1.0,euclidean,TestFunctions.Deb2,worst_among_most_similar,1-point,0.2,0.2,7.0,27.142604112625122,5.0
292,0.7737305574990377,500.0,4350.0,5.0,1.3277769313377736,5.0,bin,1,4.0,75.0,1.0,euclidean,TestFunctions.Deb2,worst_among_most_similar,1-point,0.2,0.2,8.0,42.04004502296448,5.0
293,0.7298034287475728,500.0,3224.0,6.0,1.621228455093623,6.0,bin,1,4.0,75.0,1.0,euclidean,TestFunctions.Deb2,worst_among_most_similar,1-point,0.2,0.2,9.0,31.236407041549683,5.0
294,0.41149027936016996,500.0,3046.0,7.0,1.8686718785686915,1.4,bin,1,4.0,75.0,1.0,euclidean,TestFunctions.Deb3,worst_among_most_similar,1-point,0.2,0.2,0.0,29.541099071502686,5.0
295,0.8662241964727161,500.0,2762.0,2.0,0.08900495424542543,0.4,bin,1,4.0,75.0,1.0,euclidean,TestFunctions.Deb3,worst_among_most_similar,1-point,0.2,0.2,1.0,26.680964946746826,5.0
296,0.16950589707628522,500.0,2718.0,5.0,0.0011451640360312654,1.0,bin,1,4.0,75.0,1.0,euclidean,TestFunctions.Deb3,worst_among_most_similar,1-point,0.2,0.2,2.0,26.314982891082764,5.0
297,0.8025100534813727,500.0,4806.0,5.0,0.8893092109072261,1.0,bin,1,4.0,75.0,1.0,euclidean,TestFunctions.Deb3,worst_among_most_similar,1-point,0.2,0.2,3.0,47.00338888168335,5.0
298,0.6330570959973383,500.0,4366.0,4.0,2.434445929256683,0.8,bin,1,4.0,75.0,1.0,euclidean,TestFunctions.Deb3,worst_among_most_similar,1-point,0.2,0.2,4.0,42.2682728767395,5.0
299,0.17000397125347344,500.0,2562.0,14.0,0.0008655519195766015,2.8,bin,1,4.0,75.0,1.0,euclidean,TestFunctions.Deb3,worst_among_most_similar,1-point,0.2,0.2,5.0,25.021172046661377,5.0
300,0.08115384478821765,500.0,3694.0,11.0,0.9580736940828711,2.2,bin,1,4.0,75.0,1.0,euclidean,TestFunctions.Deb3,worst_among_most_similar,1-point,0.2,0.2,6.0,35.966291189193726,5.0
301,0.4210075572130736,500.0,2712.0,5.0,0.0005103017901286755,1.0,bin,1,4.0,75.0,1.0,euclidean,TestFunctions.Deb3,worst_among_most_similar,1-point,0.2,0.2,7.0,26.401286125183105,5.0
302,0.3336976177777389,500.0,3236.0,8.0,0.8751769376249048,1.6,bin,1,4.0,75.0,1.0,euclidean,TestFunctions.Deb3,worst_among_most_similar,1-point,0.2,0.2,8.0,31.58920407295227,5.0
303,0.4196391843731405,500.0,2164.0,4.0,0.0029471281382734693,0.8,bin,1,4.0,75.0,1.0,euclidean,TestFunctions.Deb3,worst_among_most_similar,1-point,0.2,0.2,9.0,21.183117151260376,5.0
304,0.006096430835721006,500.0,10.0,82.0,0.007374151039325927,82.0,bin,1,4.0,75.0,1.0,euclidean,TestFunctions.Deb2,most_similar_among_worst,1-point,0.2,0.2,0.0,0.8949108123779297,5.0
305,1.218665832947277,500.0,2054.0,3.0,1.3161586434985506,3.0,bin,1,4.0,75.0,1.0,euclidean,TestFunctions.Deb2,most_similar_among_worst,1-point,0.2,0.2,1.0,18.14678192138672,5.0
306,1.9612848689477098,500.0,2242.0,3.0,1.3895126642464368,3.0,bin,1,4.0,75.0,1.0,euclidean,TestFunctions.Deb2,most_similar_among_worst,1-point,0.2,0.2,2.0,19.77523684501648,5.0
307,1.957215504787231,500.0,2338.0,2.0,1.3319262625223967,2.0,bin,1,4.0,75.0,1.0,euclidean,TestFunctions.Deb2,most_similar_among_worst,1-point,0.2,0.2,3.0,20.543564796447754,5.0
308,1.2184216923227318,500.0,1924.0,3.0,1.3158887810170716,3.0,bin,1,4.0,75.0,1.0,euclidean,TestFunctions.Deb2,most_similar_among_worst,1-point,0.2,0.2,4.0,16.928232192993164,5.0
309,1.9615321319089332,500.0,2242.0,1.0,1.3897854054381056,1.0,bin,1,4.0,75.0,1.0,euclidean,TestFunctions.Deb2,most_similar_among_worst,1-point,0.2,0.2,5.0,19.70599389076233,5.0
310,1.2022607855205791,500.0,2138.0,4.0,1.3367379033616806,4.0,bin,1,4.0,75.0,1.0,euclidean,TestFunctions.Deb2,most_similar_among_worst,1-point,0.2,0.2,6.0,18.71945285797119,5.0
311,1.9572155047840478,500.0,2116.0,2.0,1.331926262518301,2.0,bin,1,4.0,75.0,1.0,euclidean,TestFunctions.Deb2,most_similar_among_worst,1-point,0.2,0.2,7.0,18.61923098564148,5.0
312,1.9572155047872168,500.0,1818.0,4.0,1.3319262625222898,4.0,bin,1,4.0,75.0,1.0,euclidean,TestFunctions.Deb2,most_similar_among_worst,1-point,0.2,0.2,8.0,15.93727707862854,5.0
313,1.932851614041111,500.0,2204.0,2.0,1.1187296412383394,2.0,bin,1,4.0,75.0,1.0,euclidean,TestFunctions.Deb2,most_similar_among_worst,1-point,0.2,0.2,9.0,19.280722856521606,5.0
314,0.0019985997966290997,500.0,1704.0,8.0,0.0009329557893801299,1.6,bin,1,4.0,75.0,1.0,euclidean,TestFunctions.Deb3,most_similar_among_worst,1-point,0.2,0.2,0.0,15.03979229927063,5.0
315,0.0030981774030127834,500.0,1732.0,7.0,0.0037644679862376407,1.4,bin,1,4.0,75.0,1.0,euclidean,TestFunctions.Deb3,most_similar_among_worst,1-point,0.2,0.2,1.0,15.22031307220459,5.0
316,0.0033855599974904754,500.0,1418.0,8.0,0.0037459129501208333,1.6,bin,1,4.0,75.0,1.0,euclidean,TestFunctions.Deb3,most_similar_among_worst,1-point,0.2,0.2,2.0,12.511582136154175,5.0
317,0.0031841231280757137,500.0,1792.0,6.0,0.0037359564155242664,1.2,bin,1,4.0,75.0,1.0,euclidean,TestFunctions.Deb3,most_similar_among_worst,1-point,0.2,0.2,3.0,15.761023998260498,5.0
318,0.0019299389711381482,500.0,1428.0,12.0,0.0009235115671905048,2.4,bin,1,4.0,75.0,1.0,euclidean,TestFunctions.Deb3,most_similar_among_worst,1-point,0.2,0.2,4.0,12.557100057601929,5.0
319,0.003385561889239455,500.0,44.0,82.0,0.0037459139210758163,16.4,bin,1,4.0,75.0,1.0,euclidean,TestFunctions.Deb3,most_similar_among_worst,1-point,0.2,0.2,5.0,1.1649589538574219,5.0
320,0.003385561889239011,500.0,1606.0,12.0,0.0037459139210758163,2.4,bin,1,4.0,75.0,1.0,euclidean,TestFunctions.Deb3,most_similar_among_worst,1-point,0.2,0.2,6.0,14.145784139633179,5.0
321,0.0030049975246473487,500.0,1612.0,9.0,0.0040172847359750685,1.8,bin,1,4.0,75.0,1.0,euclidean,TestFunctions.Deb3,most_similar_among_worst,1-point,0.2,0.2,7.0,14.174386024475098,5.0
322,0.0033855618856014763,500.0,1752.0,10.0,0.0037459139192261848,2.0,bin,1,4.0,75.0,1.0,euclidean,TestFunctions.Deb3,most_similar_among_worst,1-point,0.2,0.2,8.0,15.471663236618042,5.0
323,0.0031803084312789637,500.0,1546.0,10.0,0.0036919979999022745,2.0,bin,1,4.0,75.0,1.0,euclidean,TestFunctions.Deb3,most_similar_among_worst,1-point,0.2,0.2,9.0,13.62016224861145,5.0
